{"training": {"losses": {"total_losses": [13.886527064641317, 14.211736503601074, 12.993055222829183], "rec_losses": [1.009665953238805, 1.0062024110953014, 1.003905285914739], "time_losses": [1.0597677335739135, 1.0387888884544372, 1.024615336338679], "freq_losses": [1.001369655609131, 1.0013214670022328, 1.0012914428710937], "contrastive_time_losses": [2.497077133483447e-22, 9.375255467853468e-19, 1.2704246037524325e-16], "contrastive_stft_losses": [5.324539185191194e-07, 2.603450751242538e-07, 2.721088433948656e-07], "kl_losses": [1324.515407755534, 678.8835633544921, 412.1304955444336]}, "scores": {"anomaly_scores": [0.4967811749134585, 0.4994699166538318, 0.4997573259800176], "mse_scores": [0.48824208974838257, 0.48594802618026733, 0.48366600275039673], "cosine_scores": [0.500020444393158, 0.5000282526016235, 0.5000529289245605], "mahalanobis_time_scores": [0.508057713508606, 0.509698212146759, 0.5102562308311462], "mahalanobis_stft_scores": [0.4919137954711914, 0.5090534687042236, 0.49816828966140747], "kl_scores": [0.4967811405658722, 0.49946990609169006, 0.4997573494911194]}}, "validation": {"losses": {"total_losses": [10.653633482615152, 12.397221648534138, 10.829129229227702], "rec_losses": [1.0072781948248546, 1.0044826321601867, 1.0026250530083973], "time_losses": [1.046698987086614, 1.029666733821233, 1.018362183411916], "freq_losses": [1.0009318389892579, 1.000899417002996, 1.000875522851944], "contrastive_time_losses": [6.544557607451688e-07, 2.0722156376299004e-06, 3.027979685915246e-05], "contrastive_stft_losses": [6.675782206048348e-07, 6.559332741042242e-07, 6.692570428811796e-07], "kl_losses": [1001.6892361653646, 588.3204163818359, 340.0748534749349]}, "scores": {"anomaly_scores": [0.7774574663648381, 0.7768999220530316, 0.7673413740407179], "mse_scores": [0.47238442301750183, 0.46557098627090454, 0.4560477137565613], "cosine_scores": [0.5005406737327576, 0.50055330991745, 0.500504195690155], "mahalanobis_time_scores": [0.6225596070289612, 0.6267465353012085, 0.63142329454422], "mahalanobis_stft_scores": [0.5853699445724487, 0.5904077291488647, 0.5977203249931335], "kl_scores": [0.7774574756622314, 0.7768999338150024, 0.7673413753509521]}, "auc_scores": [0.9389880963000001, 0.9435987607, 0.9335433505], "tnr": [0.7832600000000001, 0.7997799999999999, 0.75552]}}